Year,"Country of Asylum","Country of Origin","Country of Asylum ISO","Country of Origin ISO","Population Type",Footnote
"2019 - 2024"," ",Myanmar,,MMR,REF,"Refugees includes people in refugee-like situations"
2022,Pakistan," ",PAK,,REF,"The 1.7 million refugees includes around 1,316,800 registered refugees, around 140,900 unregistered members of registered families who were being verified at the time of reporting and were recorded through the documentation renewal and information verification exercise (DRIVE) and around 286,100 Afghans who arrived in the country on or after 1 January 2021."
2023,Pakistan,Afghanistan,PAK,AFG,REF,"The 2.0 million refugees include around 1,371,400 registered refugees and around 143,900 unregistered members of registered families who were recorded through the documentation renewal and information verification exercise (DRIVE) and are being verified at the time of reporting. It also includes an estimated 472,900 Afghans who sought asylum in Pakistan, following transition in Afghanistan in August 2021. In total, some 600,000 Afghans have arrived in Pakistan since then, according to the Government estimates."
2021,Pakistan," ",PAK,,REF,"The 1.5 million refugees includes around 1,252,800 registered refugees, around 129,700 unregistered members of registered families who were being verified at the time of reporting and were recorded through the documentation renewal and information verification exercise (DRIVE) and around 108,000 Afghans who arrived in the country on or after 1 January 2021."
2015,Bangladesh,Myanmar,BGD,MMR,REF,"The total figure includes 200,000 persons originating from Myanmar in a refugee-like situation. The Government of Bangladesh estimates the population to be between 300,000 and 500,000."
2021,"Iran (Islamic Rep. of)"," ",IRN,,REF,"This includes around 770,500 refugees and 27,800 UNHCR pre-registered new arrivals, reported as refugee-like. Based on information received from the Government in October 2020, the Islamic Republic of Iran hosts 800,000 refugees, of which 780,000 are Afghan Amayesh cardholders and 20,000 are Iraqi Hoviat cardholders. These cards effectively offer refugee status to their holders. UNHCR has been in continuous engagement with the authorities in relation to these figures ever since. In view of the absence of updated data, UNHCR sought to estimate the changes in the refugee population considering the natural growth and onward movements, estimating the total to be some 770,000 refugees (out of which 750,000 were Afghans and 20,000 Iraqis)."
2015,Bangladesh,Myanmar,BGD,MMR,REF,"The total figure at the end of 2015 includes 243,000 persons in Bangladesh originating from Myanmar in a refugee-like situation. The Government of Bangladesh estimates the population to be between 300,000 and 500,000."
2020,"Iran (Islamic Rep. of)"," ",IRN,,REF,"In October 2020, UNHCR Iran received the data on total number of refugees from the Government of the Islamic Republic of Iran, on which consultations are ongoing. According to it, 800,000 refugee card holders reside in the Islamic Republic of Iran, 780,000 of whom are Afghans and 20,000 Iraqis. The last time the Iranian Government had shared information on Afghan refugee population was in May 2015, when according to it 951,410 Afghan refugees resided in Iran; the Iraqi refugee population data was shared in 2013, and according to it 28,268 Iraqi refugees resided in Iran. UNHCR is in consultations with the authorities to understand the reasons behind the decrease reported in 2020 data (170,081 for Afghan refugees and 8,268 for Iraqi refugees)."
2017,Bangladesh," ",BGD,,REF,"Refugee figure includes 932,204 stateless persons from Myanmar."
2016,Bangladesh,Myanmar,BGD,MMR,REF,"The total figure includes 243,000 persons originating from Myanmar in a refugee-like situation. The Government of Bangladesh estimates the population to be between 300,000 and 500,000."
2022,"Iran (Islamic Rep. of)"," ",IRN,,REF,"In the Islamic Republic of Iran, some 2.6 million Afghans have been reported as people in a refugee-like situation. In 2022, the Government of the Islamic Republic of Iran conducted a recount of the previously ""head counted"" population and extended the scope of this scheme to all undocumented Afghans residing in the country, including those who had newly arrived due to the Taliban takeover in 2021 in Afghanistan. It is reported that 2.6 million Afghans enrolled in this exercise, which provides them with a headcount slip and temporary protection from deportation."
2015,Bangladesh,Myanmar,BGD,MMR,REF,"The refugee population includes 200,000 persons originating from Myanmar in a refugee-like situation. The Government of Bangladesh estimates the population to be between 300,000 and 500,000."
2016,Bangladesh,Myanmar,BGD,MMR,REF,"The refugee population in Bangladesh includes 243,000 persons in refugee- like situation from Myanmar. IDP figure in Myanmar includes 150,000 persons in an IDP-like situation."
2018,Bangladesh," ",BGD,,REF,"Refugee figure includes 906,635 stateless persons from Myanmar."
2024,"Iran (Islamic Rep. of)"," ",IRN,,REF,"From the Islamic Republic of Iran, almost a quarter of a million Afghans were estimated to have returned to their country in 2024. Refugee returns are expected to increase in 2025, following the announcement by the Government of the Islamic Republic of Iran in February 2025 that headcount slips will not be extended beyond 20 March 2025. See https://data.unhcr.org/en/documents/details/115667."
"2019 - 2022"," "," ",,,REF,"The data are generally provided by governments, based on their own definitions and methods of data collection."
2016,Bangladesh," ",BGD,,REF,"The refugee population includes 243,000 persons originating from Myanmar in a refugee-like situation. The Government of Bangladesh estimates the population to be between 300,000 and 500,000."
"2017 - 2018"," "," ",,,REF,"Since 2007, people in refugee-like situations are included in the refugee estimates. Figures as from 2007 are not fully comparable with previous years"
"2019 - 2022"," "," ",,,REF,"Small values between zero and five have been rounded to multiples of five. Data on asylum applications and decisions has additionally been rounded for small values between five and 10. Demographic data has been additionally modified so that the data remains additive."
2019,Bangladesh," ",BGD,,REF,"The figure reported includes 854,704 stateless persons of Rohingya ethnicity who are also counted as refugees from Myanmar, mainly from Rakhine State. UNHCR’s statistical reporting generally follows a methodology that reports only one legal status for each person of concern. However, due to the size of the stateless Rohingya population displaced from Myanmar, UNHCR considers it important to reflect the dual status of this population group as both displaced and stateless. This approach has been used for Bangladesh since 2017."
2015," ",Myanmar,,MMR,REF,"The total figure at the end of 2015 includes 200,000 persons in Bangladesh originating from Myanmar in a refugee-like situation. The Government of Bangladesh estimates the population to be between 300,000 and 500,000."
2024,Pakistan," ",PAK,,REF,"In Pakistan, the verification of the number of new arrivals from Afghanistan concluded in 2024. Due to the inactivation of substantive numbers of absentees, this resulted in an overall reduction of 190,200 Afghans reported in the country and an increase of 108,300 Afghans being registered as asylum-seekers. At the same time, 143,900 formerly unregistered family members of registered refugees, that were previously reported as people in a refugee-like situation, are now included as refugees, in line with the upcoming 2025-2027 multi-year strategy for Afghans."
2016,Bangladesh,Myanmar,BGD,MMR,REF,"The total figure at the end of 2016 includes 243,000 persons in Bangladesh originating from Myanmar in a refugee-like situation. The Government of Bangladesh estimates the population to be between 300,000 and 500,000."
